city,entity,n,r2,rmse,mae,mape_pct,saved,model_path,best_params,train_seconds,train_hms
Kota Maluku,kota_maluku,2009,0.44148150853690704,78.50786119449019,35.3877167052803,0.16076878418696494,False,,"{""learning_rate"": 0.01, ""loss"": ""huber"", ""max_depth"": 1, ""min_samples_leaf"": 3, ""n_estimators"": 400, ""random_state"": 42, ""subsample"": 1.0}",65.16258570000001,0:01:05
Kota Balikpapan,kota_balikpapan,2009,1.0,0.0,0.0,0.0,True,C:\Users\ASUS\skripsi_carin\models\kota_balikpapan_gbm_delta.pack.joblib,"{""learning_rate"": 0.01, ""loss"": ""huber"", ""max_depth"": 1, ""min_samples_leaf"": 1, ""n_estimators"": 400, ""random_state"": 42, ""subsample"": 1.0}",63.181130499999995,0:01:03
Kota Banda Aceh,kota_banda_aceh,2009,1.0,0.0,0.0,0.0,True,C:\Users\ASUS\skripsi_carin\models\kota_banda_aceh_gbm_delta.pack.joblib,"{""learning_rate"": 0.01, ""loss"": ""huber"", ""max_depth"": 1, ""min_samples_leaf"": 1, ""n_estimators"": 400, ""random_state"": 42, ""subsample"": 1.0}",72.8748947,0:01:13
Kota Bandar Lampung,kota_bandar_lampung,2009,0.978037425313853,445.6889154309577,50.40436468108764,0.25914324795643423,True,C:\Users\ASUS\skripsi_carin\models\kota_bandar_lampung_gbm_delta.pack.joblib,"{""learning_rate"": 0.01, ""loss"": ""huber"", ""max_depth"": 1, ""min_samples_leaf"": 1, ""n_estimators"": 400, ""random_state"": 42, ""subsample"": 1.0}",65.48451059999996,0:01:05
Kota Bandung,kota_bandung,2009,0.9655115300699073,20.07569252872504,4.427802890161709,0.02153399297750218,True,C:\Users\ASUS\skripsi_carin\models\kota_bandung_gbm_delta.pack.joblib,"{""learning_rate"": 0.01, ""loss"": ""huber"", ""max_depth"": 1, ""min_samples_leaf"": 1, ""n_estimators"": 400, ""random_state"": 42, ""subsample"": 1.0}",66.9219721,0:01:07
Kota Banggai,kota_banggai,2009,0.9860673461540382,58.68938953886336,6.666666666666667,0.034633327644080336,True,C:\Users\ASUS\skripsi_carin\models\kota_banggai_gbm_delta.pack.joblib,"{""learning_rate"": 0.03, ""loss"": ""huber"", ""max_depth"": 1, ""min_samples_leaf"": 1, ""n_estimators"": 400, ""random_state"": 42, ""subsample"": 1.0}",32.033488499999976,0:00:32
Kota Banjarmasin,kota_banjarmasin,2009,0.9559565961259663,235.393426106449,59.11367492887295,0.2948122444892135,True,C:\Users\ASUS\skripsi_carin\models\kota_banjarmasin_gbm_delta.pack.joblib,"{""learning_rate"": 0.01, ""loss"": ""huber"", ""max_depth"": 1, ""min_samples_leaf"": 1, ""n_estimators"": 400, ""random_state"": 42, ""subsample"": 1.0}",74.08817959999999,0:01:14
Kab. Banyumas,kab._banyumas,2009,0.977769869500696,34.62823778016048,10.496476398929817,0.05103165211605237,True,C:\Users\ASUS\skripsi_carin\models\kab._banyumas_gbm_delta.pack.joblib,"{""learning_rate"": 0.01, ""loss"": ""huber"", ""max_depth"": 1, ""min_samples_leaf"": 1, ""n_estimators"": 400, ""random_state"": 42, ""subsample"": 1.0}",74.47606709999997,0:01:14
Kab. Banyuwangi,kab._banyuwangi,2009,0.9623892029669331,60.629257946903984,32.62626753341134,0.16173882486623345,True,C:\Users\ASUS\skripsi_carin\models\kab._banyuwangi_gbm_delta.pack.joblib,"{""learning_rate"": 0.01, ""loss"": ""huber"", ""max_depth"": 1, ""min_samples_leaf"": 1, ""n_estimators"": 400, ""random_state"": 42, ""subsample"": 1.0}",75.73692449999999,0:01:16
Kota Batam,kota_batam,2009,0.9432236905264088,30.308955799963957,13.323438342024101,0.06898903590315736,True,C:\Users\ASUS\skripsi_carin\models\kota_batam_gbm_delta.pack.joblib,"{""learning_rate"": 0.01, ""loss"": ""huber"", ""max_depth"": 1, ""min_samples_leaf"": 1, ""n_estimators"": 400, ""random_state"": 42, ""subsample"": 1.0}",64.32669829999998,0:01:04
Kota Bau - Bau,kota_bau_-_bau,2009,0.9913306626180078,80.42472108515088,13.23024694813535,0.05716444795418715,True,C:\Users\ASUS\skripsi_carin\models\kota_bau_-_bau_gbm_delta.pack.joblib,"{""learning_rate"": 0.01, ""loss"": ""huber"", ""max_depth"": 1, ""min_samples_leaf"": 1, ""n_estimators"": 400, ""random_state"": 42, ""subsample"": 1.0}",58.42390590000002,0:00:58
Kota Bekasi,kota_bekasi,2009,0.6777628113140262,93.58080718873573,37.83782974745368,0.17860225936885374,True,C:\Users\ASUS\skripsi_carin\models\kota_bekasi_gbm_delta.pack.joblib,"{""learning_rate"": 0.01, ""loss"": ""huber"", ""max_depth"": 1, ""min_samples_leaf"": 1, ""n_estimators"": 400, ""random_state"": 42, ""subsample"": 1.0}",70.0107736,0:01:10
Kota Bengkulu,kota_bengkulu,2009,0.8743422062303803,44.396761359697386,15.764455559075335,0.07873600152815959,True,C:\Users\ASUS\skripsi_carin\models\kota_bengkulu_gbm_delta.pack.joblib,"{""learning_rate"": 0.01, ""loss"": ""huber"", ""max_depth"": 1, ""min_samples_leaf"": 1, ""n_estimators"": 400, ""random_state"": 42, ""subsample"": 1.0}",63.86905049999996,0:01:04
Kota Bima,kota_bima,2009,0.9794262034552919,36.62450525645534,9.424610082155818,0.04348432136657199,True,C:\Users\ASUS\skripsi_carin\models\kota_bima_gbm_delta.pack.joblib,"{""learning_rate"": 0.01, ""loss"": ""huber"", ""max_depth"": 1, ""min_samples_leaf"": 1, ""n_estimators"": 400, ""random_state"": 42, ""subsample"": 1.0}",62.217008299999975,0:01:02
Kota Blitar,kota_blitar,2009,0.9838683265054469,51.50512380120814,10.277777777777779,0.05596225702655949,True,C:\Users\ASUS\skripsi_carin\models\kota_blitar_gbm_delta.pack.joblib,"{""learning_rate"": 0.01, ""loss"": ""huber"", ""max_depth"": 1, ""min_samples_leaf"": 1, ""n_estimators"": 400, ""random_state"": 42, ""subsample"": 1.0}",78.16852670000003,0:01:18
Kota Bogor,kota_bogor,2009,0.9711685818009536,31.36499861893233,20.155169815877322,0.09302412371795593,True,C:\Users\ASUS\skripsi_carin\models\kota_bogor_gbm_delta.pack.joblib,"{""learning_rate"": 0.01, ""loss"": ""huber"", ""max_depth"": 1, ""min_samples_leaf"": 1, ""n_estimators"": 400, ""random_state"": 42, ""subsample"": 1.0}",84.52121139999986,0:01:25
Kota Bontang,kota_bontang,2009,0.9924671693329952,39.24029408733557,13.246180343631245,0.06487706166612973,True,C:\Users\ASUS\skripsi_carin\models\kota_bontang_gbm_delta.pack.joblib,"{""learning_rate"": 0.01, ""loss"": ""huber"", ""max_depth"": 1, ""min_samples_leaf"": 3, ""n_estimators"": 400, ""random_state"": 42, ""subsample"": 1.0}",81.12619130000007,0:01:21
Kab. Boyolali,kab._boyolali,2009,0.9781145062861479,58.94388205247948,21.095086970150824,0.11425902915013404,True,C:\Users\ASUS\skripsi_carin\models\kab._boyolali_gbm_delta.pack.joblib,"{""learning_rate"": 0.01, ""loss"": ""huber"", ""max_depth"": 3, ""min_samples_leaf"": 1, ""n_estimators"": 400, ""random_state"": 42, ""subsample"": 1.0}",88.25629209999988,0:01:28
Kab. Bulukomba,kab._bulukomba,2009,0.9702415249868703,57.10271978252976,17.878457915484855,0.09239750219309248,True,C:\Users\ASUS\skripsi_carin\models\kab._bulukomba_gbm_delta.pack.joblib,"{""learning_rate"": 0.01, ""loss"": ""huber"", ""max_depth"": 1, ""min_samples_leaf"": 3, ""n_estimators"": 400, ""random_state"": 42, ""subsample"": 1.0}",72.01807090000011,0:01:12
Kab. Bulungan,kab._bulungan,2009,0.9269174538027485,101.06110953776825,29.424192860284467,0.1407375707491092,True,C:\Users\ASUS\skripsi_carin\models\kab._bulungan_gbm_delta.pack.joblib,"{""learning_rate"": 0.01, ""loss"": ""huber"", ""max_depth"": 1, ""min_samples_leaf"": 3, ""n_estimators"": 400, ""random_state"": 42, ""subsample"": 1.0}",68.8947442000001,0:01:09
Kab. Bungo,kab._bungo,2009,0.9410022714684932,29.409404507458234,10.521053617793465,0.050959250872950626,True,C:\Users\ASUS\skripsi_carin\models\kab._bungo_gbm_delta.pack.joblib,"{""learning_rate"": 0.01, ""loss"": ""huber"", ""max_depth"": 1, ""min_samples_leaf"": 1, ""n_estimators"": 400, ""random_state"": 42, ""subsample"": 1.0}",75.45452380000006,0:01:15
Kab. Cilacap,kab._cilacap,2009,0.9405348153758631,70.82951193349565,46.47024619984285,0.22142809150702977,True,C:\Users\ASUS\skripsi_carin\models\kab._cilacap_gbm_delta.pack.joblib,"{""learning_rate"": 0.01, ""loss"": ""huber"", ""max_depth"": 1, ""min_samples_leaf"": 1, ""n_estimators"": 400, ""random_state"": 42, ""subsample"": 1.0}",82.72532819999992,0:01:23
Kota Cilegon,kota_cilegon,2009,0.9711033279844582,55.400049455175605,14.610667421813579,0.07724375070890484,True,C:\Users\ASUS\skripsi_carin\models\kota_cilegon_gbm_delta.pack.joblib,"{""learning_rate"": 0.01, ""loss"": ""huber"", ""max_depth"": 1, ""min_samples_leaf"": 1, ""n_estimators"": 600, ""random_state"": 42, ""subsample"": 1.0}",76.04188649999992,0:01:16
Kota Cirebon,kota_cirebon,2009,0.9119380476055134,52.31174223589704,38.72989292932901,0.1899091169419734,True,C:\Users\ASUS\skripsi_carin\models\kota_cirebon_gbm_delta.pack.joblib,"{""learning_rate"": 0.01, ""loss"": ""huber"", ""max_depth"": 1, ""min_samples_leaf"": 3, ""n_estimators"": 400, ""random_state"": 42, ""subsample"": 1.0}",78.86984469999993,0:01:19
Kab. Cirebon,kab._cirebon,2009,0.9581324854049714,47.943321609648486,37.19873454420679,0.18211514002144166,True,C:\Users\ASUS\skripsi_carin\models\kab._cirebon_gbm_delta.pack.joblib,"{""learning_rate"": 0.01, ""loss"": ""huber"", ""max_depth"": 1, ""min_samples_leaf"": 1, ""n_estimators"": 400, ""random_state"": 42, ""subsample"": 1.0}",79.49974420000012,0:01:19
Kota Denpasar,kota_denpasar,2009,-1.422787709457717,570.101941278723,290.5519951544423,1.3106748699131796,False,,"{""learning_rate"": 0.01, ""loss"": ""huber"", ""max_depth"": 2, ""min_samples_leaf"": 1, ""n_estimators"": 400, ""random_state"": 42, ""subsample"": 1.0}",76.04982159999986,0:01:16
Kota Depok,kota_depok,2009,0.8947235566380841,43.80996501778529,41.12658446619672,0.19789290532865414,True,C:\Users\ASUS\skripsi_carin\models\kota_depok_gbm_delta.pack.joblib,"{""learning_rate"": 0.01, ""loss"": ""huber"", ""max_depth"": 1, ""min_samples_leaf"": 1, ""n_estimators"": 400, ""random_state"": 42, ""subsample"": 1.0}",77.19825930000002,0:01:17
Kota Dumai,kota_dumai,2009,0.9699779886232932,39.2000656598544,11.650438306879915,0.05910345874121245,True,C:\Users\ASUS\skripsi_carin\models\kota_dumai_gbm_delta.pack.joblib,"{""learning_rate"": 0.01, ""loss"": ""huber"", ""max_depth"": 1, ""min_samples_leaf"": 1, ""n_estimators"": 400, ""random_state"": 42, ""subsample"": 1.0}",73.33487070000001,0:01:13
Kota Gorontalo,kota_gorontalo,2009,0.9141510985858665,108.29059953141177,43.14540845661989,0.16432439593445722,True,C:\Users\ASUS\skripsi_carin\models\kota_gorontalo_gbm_delta.pack.joblib,"{""learning_rate"": 0.01, ""loss"": ""huber"", ""max_depth"": 1, ""min_samples_leaf"": 3, ""n_estimators"": 400, ""random_state"": 42, ""subsample"": 1.0}",80.35071920000019,0:01:20
Kab. Gorontalo,kab._gorontalo,2009,0.965407499654075,69.72166887783963,14.444444444444445,0.05876874695487615,True,C:\Users\ASUS\skripsi_carin\models\kab._gorontalo_gbm_delta.pack.joblib,"{""learning_rate"": 0.03, ""loss"": ""huber"", ""max_depth"": 1, ""min_samples_leaf"": 1, ""n_estimators"": 400, ""random_state"": 42, ""subsample"": 1.0}",33.183588899999904,0:00:33
Kota Gunung Sitoli,kota_gunung_sitoli,2009,0.4627398149166988,79.53531028420723,25.570185192578478,0.11135055909507506,False,,"{""learning_rate"": 0.01, ""loss"": ""huber"", ""max_depth"": 1, ""min_samples_leaf"": 1, ""n_estimators"": 400, ""random_state"": 42, ""subsample"": 1.0}",57.14914180000005,0:00:57
Kota Jakarta Pusat,kota_jakarta_pusat,2009,0.9736906985332163,29.763505421874658,21.08745922643951,0.10098014814341266,True,C:\Users\ASUS\skripsi_carin\models\kota_jakarta_pusat_gbm_delta.pack.joblib,"{""learning_rate"": 0.01, ""loss"": ""huber"", ""max_depth"": 1, ""min_samples_leaf"": 1, ""n_estimators"": 400, ""random_state"": 42, ""subsample"": 1.0}",71.86301850000018,0:01:12
Kota Jambi,kota_jambi,2009,0.9673753616859532,55.316172359811645,13.153868909064457,0.06429960695632207,True,C:\Users\ASUS\skripsi_carin\models\kota_jambi_gbm_delta.pack.joblib,"{""learning_rate"": 0.01, ""loss"": ""huber"", ""max_depth"": 1, ""min_samples_leaf"": 1, ""n_estimators"": 400, ""random_state"": 42, ""subsample"": 1.0}",67.52768149999974,0:01:08
Kota Jayapura,kota_jayapura,2009,0.9461032508399186,125.77537296483936,40.833333333333336,0.18444415571948,True,C:\Users\ASUS\skripsi_carin\models\kota_jayapura_gbm_delta.pack.joblib,"{""learning_rate"": 0.01, ""loss"": ""huber"", ""max_depth"": 1, ""min_samples_leaf"": 1, ""n_estimators"": 400, ""random_state"": 42, ""subsample"": 1.0}",68.9420667999998,0:01:09
Kab. Jayawijaya,kab._jayawijaya,2009,0.9829482865291463,56.0257877132387,8.88888888888889,0.028296814189815066,True,C:\Users\ASUS\skripsi_carin\models\kab._jayawijaya_gbm_delta.pack.joblib,"{""learning_rate"": 0.03, ""loss"": ""huber"", ""max_depth"": 1, ""min_samples_leaf"": 1, ""n_estimators"": 400, ""random_state"": 42, ""subsample"": 1.0}",31.91602150000017,0:00:32
Kab. Jember,kab._jember,2009,0.8869129929392229,116.43963996363814,60.10200849134045,0.30072597727263056,True,C:\Users\ASUS\skripsi_carin\models\kab._jember_gbm_delta.pack.joblib,"{""learning_rate"": 0.01, ""loss"": ""huber"", ""max_depth"": 1, ""min_samples_leaf"": 1, ""n_estimators"": 400, ""random_state"": 42, ""subsample"": 1.0}",74.43522979999989,0:01:14
Kab. Sintang,kab._sintang,2009,0.7902962601571306,62.025980219761315,17.5,0.08021332947531873,True,C:\Users\ASUS\skripsi_carin\models\kab._sintang_gbm_delta.pack.joblib,"{""learning_rate"": 0.05, ""loss"": ""huber"", ""max_depth"": 1, ""min_samples_leaf"": 3, ""n_estimators"": 400, ""random_state"": 42, ""subsample"": 1.0}",53.44146460000002,0:00:53
Kab. Karanganyar,kab._karanganyar,2009,0.9804557240318851,42.23621380765263,38.964552433757795,0.18975222244371487,True,C:\Users\ASUS\skripsi_carin\models\kab._karanganyar_gbm_delta.pack.joblib,"{""learning_rate"": 0.01, ""loss"": ""huber"", ""max_depth"": 1, ""min_samples_leaf"": 1, ""n_estimators"": 400, ""random_state"": 42, ""subsample"": 1.0}",70.25724330000003,0:01:10
Kota Kediri,kota_kediri,2009,0.8490973546398233,55.444304097034575,37.02953208665363,0.18258737590287621,True,C:\Users\ASUS\skripsi_carin\models\kota_kediri_gbm_delta.pack.joblib,"{""learning_rate"": 0.01, ""loss"": ""huber"", ""max_depth"": 2, ""min_samples_leaf"": 1, ""n_estimators"": 400, ""random_state"": 42, ""subsample"": 1.0}",72.96224840000014,0:01:13
Kota Kendari,kota_kendari,2009,0.9575256938510615,34.44082429317236,10.590365210621874,0.051443002725037226,True,C:\Users\ASUS\skripsi_carin\models\kota_kendari_gbm_delta.pack.joblib,"{""learning_rate"": 0.01, ""loss"": ""huber"", ""max_depth"": 1, ""min_samples_leaf"": 3, ""n_estimators"": 400, ""random_state"": 42, ""subsample"": 1.0}",69.4315673000001,0:01:09
Kab.Klaten,kab.klaten,2009,0.9856453738042414,29.545738677853024,24.10370497528062,0.12687833917489177,True,C:\Users\ASUS\skripsi_carin\models\kab.klaten_gbm_delta.pack.joblib,"{""learning_rate"": 0.01, ""loss"": ""huber"", ""max_depth"": 2, ""min_samples_leaf"": 3, ""n_estimators"": 400, ""random_state"": 42, ""subsample"": 1.0}",69.83788800000002,0:01:10
Kab Kotabaru,kab_kotabaru,2009,0.9851035571987509,33.95258131243894,4.722222222222222,0.021420579636100185,True,C:\Users\ASUS\skripsi_carin\models\kab_kotabaru_gbm_delta.pack.joblib,"{""learning_rate"": 0.01, ""loss"": ""huber"", ""max_depth"": 1, ""min_samples_leaf"": 1, ""n_estimators"": 400, ""random_state"": 42, ""subsample"": 1.0}",40.813112600000295,0:00:41
Kotamobagu,kotamobagu,2009,0.899736798871324,39.03716286438375,16.48451419924675,0.08413889026662948,True,C:\Users\ASUS\skripsi_carin\models\kotamobagu_gbm_delta.pack.joblib,"{""learning_rate"": 0.01, ""loss"": ""huber"", ""max_depth"": 1, ""min_samples_leaf"": 1, ""n_estimators"": 400, ""random_state"": 42, ""subsample"": 1.0}",55.87932899999987,0:00:56
Kab. Kudus,kab._kudus,2009,0.9169041344914425,77.78480193973628,30.034567017798853,0.15117127996539576,True,C:\Users\ASUS\skripsi_carin\models\kab._kudus_gbm_delta.pack.joblib,"{""learning_rate"": 0.01, ""loss"": ""huber"", ""max_depth"": 1, ""min_samples_leaf"": 3, ""n_estimators"": 400, ""random_state"": 42, ""subsample"": 1.0}",68.73944589999974,0:01:09
Kota Kupang,kota_kupang,2009,0.9410443746256316,50.09408228694198,10.515182001566124,0.05178177478877869,True,C:\Users\ASUS\skripsi_carin\models\kota_kupang_gbm_delta.pack.joblib,"{""learning_rate"": 0.01, ""loss"": ""huber"", ""max_depth"": 1, ""min_samples_leaf"": 3, ""n_estimators"": 400, ""random_state"": 42, ""subsample"": 1.0}",63.699407000000065,0:01:04
Kota Lhokseumawe,kota_lhokseumawe,2009,0.9414693477310471,13.524359073186346,4.094440746589013,0.01943998364410532,True,C:\Users\ASUS\skripsi_carin\models\kota_lhokseumawe_gbm_delta.pack.joblib,"{""learning_rate"": 0.01, ""loss"": ""huber"", ""max_depth"": 1, ""min_samples_leaf"": 3, ""n_estimators"": 400, ""random_state"": 42, ""subsample"": 1.0}",66.8998544000001,0:01:07
Kab. Lombok Timur,kab._lombok_timur,2009,0.9633895039222778,116.55048973422433,28.456339608589687,0.13395650371935855,True,C:\Users\ASUS\skripsi_carin\models\kab._lombok_timur_gbm_delta.pack.joblib,"{""learning_rate"": 0.01, ""loss"": ""huber"", ""max_depth"": 1, ""min_samples_leaf"": 1, ""n_estimators"": 400, ""random_state"": 42, ""subsample"": 1.0}",58.79333829999996,0:00:59
 Kota Lubuk Linggau,kota_lubuk_linggau,2009,0.2790328167701477,85.78678602879188,22.009968945445145,0.108952853747542,False,,"{""learning_rate"": 0.01, ""loss"": ""huber"", ""max_depth"": 1, ""min_samples_leaf"": 1, ""n_estimators"": 400, ""random_state"": 42, ""subsample"": 1.0}",63.93893230000003,0:01:04
Kota Madiun,kota_madiun,2009,0.7078987496927491,43.43267303379768,10.699964840606704,0.053718990413574454,True,C:\Users\ASUS\skripsi_carin\models\kota_madiun_gbm_delta.pack.joblib,"{""learning_rate"": 0.01, ""loss"": ""huber"", ""max_depth"": 1, ""min_samples_leaf"": 1, ""n_estimators"": 400, ""random_state"": 42, ""subsample"": 1.0}",65.87949260000005,0:01:06
Kab. Majene,kab._majene,2009,0.9701276027689204,42.61565714193111,20.01664968310025,0.09927063159416122,True,C:\Users\ASUS\skripsi_carin\models\kab._majene_gbm_delta.pack.joblib,"{""learning_rate"": 0.01, ""loss"": ""huber"", ""max_depth"": 1, ""min_samples_leaf"": 1, ""n_estimators"": 400, ""random_state"": 42, ""subsample"": 1.0}",54.740181699999994,0:00:55
Kota Makassar,kota_makassar,2009,0.7098339873277801,132.14383684572385,17.477104324263927,0.08709519593687753,True,C:\Users\ASUS\skripsi_carin\models\kota_makassar_gbm_delta.pack.joblib,"{""learning_rate"": 0.01, ""loss"": ""huber"", ""max_depth"": 1, ""min_samples_leaf"": 1, ""n_estimators"": 400, ""random_state"": 42, ""subsample"": 1.0}",69.50482729999976,0:01:10
Kota Malang,kota_malang,2009,0.9693050413781981,64.18862853041632,40.066411311274045,0.19030918949751582,True,C:\Users\ASUS\skripsi_carin\models\kota_malang_gbm_delta.pack.joblib,"{""learning_rate"": 0.01, ""loss"": ""huber"", ""max_depth"": 1, ""min_samples_leaf"": 1, ""n_estimators"": 400, ""random_state"": 42, ""subsample"": 1.0}",71.88117140000031,0:01:12
Kota Mamuju,kota_mamuju,2009,0.7450493015789961,171.00188627456671,36.97058648498755,0.18383563796801228,True,C:\Users\ASUS\skripsi_carin\models\kota_mamuju_gbm_delta.pack.joblib,"{""learning_rate"": 0.01, ""loss"": ""huber"", ""max_depth"": 1, ""min_samples_leaf"": 1, ""n_estimators"": 400, ""random_state"": 42, ""subsample"": 1.0}",68.3242494000001,0:01:08
Kota Manado,kota_manado,2009,0.9378641177369059,47.81299685507073,15.678992526850985,0.08657149907194377,True,C:\Users\ASUS\skripsi_carin\models\kota_manado_gbm_delta.pack.joblib,"{""learning_rate"": 0.01, ""loss"": ""huber"", ""max_depth"": 1, ""min_samples_leaf"": 3, ""n_estimators"": 400, ""random_state"": 42, ""subsample"": 1.0}",69.3188809000003,0:01:09
Kab. Manokwari,kab._manokwari,2009,0.8187572604821356,252.21243250702594,32.77777777777778,0.13606353876995092,True,C:\Users\ASUS\skripsi_carin\models\kab._manokwari_gbm_delta.pack.joblib,"{""learning_rate"": 0.01, ""loss"": ""huber"", ""max_depth"": 1, ""min_samples_leaf"": 1, ""n_estimators"": 400, ""random_state"": 42, ""subsample"": 1.0}",53.60339579999982,0:00:54
Kota Mataram,kota_mataram,2009,0.6705314748961979,158.90248582070703,36.111111111111114,0.1672143412081058,True,C:\Users\ASUS\skripsi_carin\models\kota_mataram_gbm_delta.pack.joblib,"{""learning_rate"": 0.01, ""loss"": ""huber"", ""max_depth"": 1, ""min_samples_leaf"": 1, ""n_estimators"": 400, ""random_state"": 42, ""subsample"": 1.0}",72.93851180000001,0:01:13
Kota Maumere,kota_maumere,2009,0.9739731028839517,53.99998636000227,9.312085096772858,0.041884860494642726,True,C:\Users\ASUS\skripsi_carin\models\kota_maumere_gbm_delta.pack.joblib,"{""learning_rate"": 0.01, ""loss"": ""huber"", ""max_depth"": 1, ""min_samples_leaf"": 1, ""n_estimators"": 400, ""random_state"": 42, ""subsample"": 1.0}",73.83797550000008,0:01:14
Kota Medan,kota_medan,2009,0.9799992597430807,35.304012386824304,23.643563141355784,0.11915359370020563,True,C:\Users\ASUS\skripsi_carin\models\kota_medan_gbm_delta.pack.joblib,"{""learning_rate"": 0.01, ""loss"": ""huber"", ""max_depth"": 1, ""min_samples_leaf"": 1, ""n_estimators"": 400, ""random_state"": 42, ""subsample"": 1.0}",81.14797050000016,0:01:21
Kab. Merauke,kab._merauke,2009,0.9656178146671316,78.18398838380743,9.228447281087695,0.041504478092511246,True,C:\Users\ASUS\skripsi_carin\models\kab._merauke_gbm_delta.pack.joblib,"{""learning_rate"": 0.01, ""loss"": ""huber"", ""max_depth"": 1, ""min_samples_leaf"": 1, ""n_estimators"": 400, ""random_state"": 42, ""subsample"": 1.0}",64.88809619999984,0:01:05
Kota Metro,kota_metro,2009,0.9394883747398569,79.6557056612874,43.726061886461444,0.20978767311969315,True,C:\Users\ASUS\skripsi_carin\models\kota_metro_gbm_delta.pack.joblib,"{""learning_rate"": 0.01, ""loss"": ""huber"", ""max_depth"": 1, ""min_samples_leaf"": 3, ""n_estimators"": 400, ""random_state"": 42, ""subsample"": 1.0}",76.3359504,0:01:16
Kota Meulaboh,kota_meulaboh,2009,0.9692918171755113,37.69564860483814,24.814224339119797,0.12192391013645365,True,C:\Users\ASUS\skripsi_carin\models\kota_meulaboh_gbm_delta.pack.joblib,"{""learning_rate"": 0.01, ""loss"": ""huber"", ""max_depth"": 1, ""min_samples_leaf"": 1, ""n_estimators"": 400, ""random_state"": 42, ""subsample"": 1.0}",72.32158320000053,0:01:12
Kab. Mimika,kab._mimika,2009,0.9604902690398956,70.64849642619237,19.806757311260135,0.0887635259335411,True,C:\Users\ASUS\skripsi_carin\models\kab._mimika_gbm_delta.pack.joblib,"{""learning_rate"": 0.01, ""loss"": ""huber"", ""max_depth"": 1, ""min_samples_leaf"": 1, ""n_estimators"": 400, ""random_state"": 42, ""subsample"": 1.0}",58.121399999999994,0:00:58
Kab. Nabire,kab._nabire,2009,0.9765487141069831,81.30873945100312,12.222222222222221,0.05515855785368414,True,C:\Users\ASUS\skripsi_carin\models\kab._nabire_gbm_delta.pack.joblib,"{""learning_rate"": 0.03, ""loss"": ""huber"", ""max_depth"": 1, ""min_samples_leaf"": 1, ""n_estimators"": 400, ""random_state"": 42, ""subsample"": 1.0}",30.666877800000293,0:00:31
Kota Padang,kota_padang,2009,0.8994248029745933,48.43818668798263,32.514095358965356,0.16270238461105882,True,C:\Users\ASUS\skripsi_carin\models\kota_padang_gbm_delta.pack.joblib,"{""learning_rate"": 0.01, ""loss"": ""huber"", ""max_depth"": 1, ""min_samples_leaf"": 1, ""n_estimators"": 400, ""random_state"": 42, ""subsample"": 1.0}",69.78188899999986,0:01:10
Kota Padang Sidempuan,kota_padang_sidempuan,2009,0.0,4.426435874329639,3.724844804828556,0.01895595320523438,False,,"{""learning_rate"": 0.01, ""loss"": ""huber"", ""max_depth"": 1, ""min_samples_leaf"": 1, ""n_estimators"": 400, ""random_state"": 42, ""subsample"": 1.0}",63.731643999999505,0:01:04
Kota Palangkaraya,kota_palangkaraya,2009,0.9695339894033812,54.87918548958701,28.16436188193505,0.12979708199510356,True,C:\Users\ASUS\skripsi_carin\models\kota_palangkaraya_gbm_delta.pack.joblib,"{""learning_rate"": 0.03, ""loss"": ""huber"", ""max_depth"": 2, ""min_samples_leaf"": 3, ""n_estimators"": 1000, ""random_state"": 42, ""subsample"": 1.0}",69.04879879999953,0:01:09
Kota Palembang,kota_palembang,2009,0.8187572604821356,252.21243250702594,32.77777777777778,0.13606353876995092,True,C:\Users\ASUS\skripsi_carin\models\kota_palembang_gbm_delta.pack.joblib,"{""learning_rate"": 0.01, ""loss"": ""huber"", ""max_depth"": 1, ""min_samples_leaf"": 1, ""n_estimators"": 400, ""random_state"": 42, ""subsample"": 1.0}",45.056179999999586,0:00:45
Kota Palu,kota_palu,2009,0.9863368385409149,64.50746324219105,26.49908027627943,0.12527629630540746,True,C:\Users\ASUS\skripsi_carin\models\kota_palu_gbm_delta.pack.joblib,"{""learning_rate"": 0.01, ""loss"": ""huber"", ""max_depth"": 1, ""min_samples_leaf"": 1, ""n_estimators"": 400, ""random_state"": 42, ""subsample"": 1.0}",65.78360900000007,0:01:06
Kota Pangkalpinang,kota_pangkalpinang,2009,0.9735616369980294,98.33715690144649,29.233768855994075,0.14953694895038885,True,C:\Users\ASUS\skripsi_carin\models\kota_pangkalpinang_gbm_delta.pack.joblib,"{""learning_rate"": 0.01, ""loss"": ""huber"", ""max_depth"": 1, ""min_samples_leaf"": 1, ""n_estimators"": 400, ""random_state"": 42, ""subsample"": 1.0}",65.53898049999952,0:01:06
Kota Pare -Pare,kota_pare_-pare,2009,0.9836549279330914,46.24812308503869,12.222222222222221,0.06291458043585994,True,C:\Users\ASUS\skripsi_carin\models\kota_pare_-pare_gbm_delta.pack.joblib,"{""learning_rate"": 0.01, ""loss"": ""huber"", ""max_depth"": 1, ""min_samples_leaf"": 1, ""n_estimators"": 400, ""random_state"": 42, ""subsample"": 1.0}",69.09411050000017,0:01:09
Kota Pekanbaru,kota_pekanbaru,2009,0.9243892264718954,52.99211538214045,32.197852719351694,0.16147971503872996,True,C:\Users\ASUS\skripsi_carin\models\kota_pekanbaru_gbm_delta.pack.joblib,"{""learning_rate"": 0.03, ""loss"": ""huber"", ""max_depth"": 1, ""min_samples_leaf"": 1, ""n_estimators"": 800, ""random_state"": 42, ""subsample"": 1.0}",71.89848809999967,0:01:12
Kota Pematang Siantar,kota_pematang_siantar,2009,0.8482958088990833,99.13365613969634,25.123493803883402,0.12216555598290799,True,C:\Users\ASUS\skripsi_carin\models\kota_pematang_siantar_gbm_delta.pack.joblib,"{""learning_rate"": 0.01, ""loss"": ""huber"", ""max_depth"": 1, ""min_samples_leaf"": 1, ""n_estimators"": 400, ""random_state"": 42, ""subsample"": 1.0}",345.9182000999999,0:05:46
Kab. Polewali Mandar,kab._polewali_mandar,2009,1.0,0.0,0.0,0.0,True,C:\Users\ASUS\skripsi_carin\models\kab._polewali_mandar_gbm_delta.pack.joblib,"{""learning_rate"": 0.03, ""loss"": ""huber"", ""max_depth"": 1, ""min_samples_leaf"": 1, ""n_estimators"": 400, ""random_state"": 42, ""subsample"": 1.0}",32.539633100000174,0:00:33
Kota Pontianak,kota_pontianak,2009,0.9775300109052059,15.923261202296656,7.699358991968297,0.0383424752753423,True,C:\Users\ASUS\skripsi_carin\models\kota_pontianak_gbm_delta.pack.joblib,"{""learning_rate"": 0.01, ""loss"": ""huber"", ""max_depth"": 1, ""min_samples_leaf"": 1, ""n_estimators"": 400, ""random_state"": 42, ""subsample"": 1.0}",73.94767130000037,0:01:14
Kota Probolinggo,kota_probolinggo,2009,0.9762861312414207,39.03174355480542,20.50583788004177,0.10215391429800656,True,C:\Users\ASUS\skripsi_carin\models\kota_probolinggo_gbm_delta.pack.joblib,"{""learning_rate"": 0.01, ""loss"": ""huber"", ""max_depth"": 1, ""min_samples_leaf"": 3, ""n_estimators"": 400, ""random_state"": 42, ""subsample"": 1.0}",72.94765740000003,0:01:13
Kota Samarinda,kota_samarinda,2009,0.8290655105135549,99.78338029126641,26.60056356371529,0.12288797635558238,True,C:\Users\ASUS\skripsi_carin\models\kota_samarinda_gbm_delta.pack.joblib,"{""learning_rate"": 0.01, ""loss"": ""huber"", ""max_depth"": 1, ""min_samples_leaf"": 1, ""n_estimators"": 400, ""random_state"": 42, ""subsample"": 1.0}",67.43102350000026,0:01:07
Kota Sampit,kota_sampit,2009,0.5245496937002834,104.08329997330664,17.77777777777778,0.08685580213830615,False,,"{""learning_rate"": 0.01, ""loss"": ""huber"", ""max_depth"": 1, ""min_samples_leaf"": 3, ""n_estimators"": 400, ""random_state"": 42, ""subsample"": 1.0}",393.1175936999998,0:06:33
Kota Semarang,kota_semarang,2009,0.8647987063591487,88.73041407039638,50.10382898283739,0.2462880544720952,True,C:\Users\ASUS\skripsi_carin\models\kota_semarang_gbm_delta.pack.joblib,"{""learning_rate"": 0.01, ""loss"": ""huber"", ""max_depth"": 1, ""min_samples_leaf"": 1, ""n_estimators"": 400, ""random_state"": 42, ""subsample"": 1.0}",72.75145539999994,0:01:13
Kota Serang,kota_serang,2009,0.9510767138027624,65.51937188471304,12.861580555946704,0.06677471585204711,True,C:\Users\ASUS\skripsi_carin\models\kota_serang_gbm_delta.pack.joblib,"{""learning_rate"": 0.01, ""loss"": ""huber"", ""max_depth"": 1, ""min_samples_leaf"": 3, ""n_estimators"": 400, ""random_state"": 42, ""subsample"": 1.0}",75.61937820000003,0:01:16
Kota Sibolga,kota_sibolga,2009,0.9458195476229501,54.701914303823735,28.15952823886926,0.13931183551511123,True,C:\Users\ASUS\skripsi_carin\models\kota_sibolga_gbm_delta.pack.joblib,"{""learning_rate"": 0.01, ""loss"": ""huber"", ""max_depth"": 1, ""min_samples_leaf"": 1, ""n_estimators"": 400, ""random_state"": 42, ""subsample"": 1.0}",75.5861716999998,0:01:16
Kota Singkawang,kota_singkawang,2009,0.9289020106929582,32.295015161033064,13.484569342421674,0.07002982812657821,True,C:\Users\ASUS\skripsi_carin\models\kota_singkawang_gbm_delta.pack.joblib,"{""learning_rate"": 0.01, ""loss"": ""huber"", ""max_depth"": 1, ""min_samples_leaf"": 1, ""n_estimators"": 400, ""random_state"": 42, ""subsample"": 1.0}",76.84281999999985,0:01:17
Kota Sorong,kota_sorong,2009,0.8993608338359624,264.79733554445943,76.34478858255137,0.3405444868741742,True,C:\Users\ASUS\skripsi_carin\models\kota_sorong_gbm_delta.pack.joblib,"{""learning_rate"": 0.01, ""loss"": ""huber"", ""max_depth"": 1, ""min_samples_leaf"": 3, ""n_estimators"": 600, ""random_state"": 42, ""subsample"": 1.0}",73.70178039999973,0:01:14
Kab Sragen,kab_sragen,2009,0.8937281693932417,68.60630654320437,31.04365935085245,0.15910948945196746,True,C:\Users\ASUS\skripsi_carin\models\kab_sragen_gbm_delta.pack.joblib,"{""learning_rate"": 0.01, ""loss"": ""huber"", ""max_depth"": 1, ""min_samples_leaf"": 1, ""n_estimators"": 400, ""random_state"": 42, ""subsample"": 1.0}",73.61591679999947,0:01:14
Kota Sukabumi,kota_sukabumi,2009,0.9642928372082343,36.4333498342255,27.185833458818646,0.13130048718116893,True,C:\Users\ASUS\skripsi_carin\models\kota_sukabumi_gbm_delta.pack.joblib,"{""learning_rate"": 0.01, ""loss"": ""huber"", ""max_depth"": 1, ""min_samples_leaf"": 1, ""n_estimators"": 400, ""random_state"": 42, ""subsample"": 1.0}",74.00880420000067,0:01:14
Kab. Sukoharjo,kab._sukoharjo,2009,0.9679059517834374,66.30161351125464,22.07944540291331,0.10912600114829829,True,C:\Users\ASUS\skripsi_carin\models\kab._sukoharjo_gbm_delta.pack.joblib,"{""learning_rate"": 0.01, ""loss"": ""huber"", ""max_depth"": 1, ""min_samples_leaf"": 1, ""n_estimators"": 400, ""random_state"": 42, ""subsample"": 1.0}",73.38830540000072,0:01:13
Kab. Sumba Timur,kab._sumba_timur,2009,0.9614810771918466,115.58573654839932,22.335884546610114,0.09225435268722543,True,C:\Users\ASUS\skripsi_carin\models\kab._sumba_timur_gbm_delta.pack.joblib,"{""learning_rate"": 0.01, ""loss"": ""huber"", ""max_depth"": 1, ""min_samples_leaf"": 1, ""n_estimators"": 400, ""random_state"": 42, ""subsample"": 1.0}",55.427574399999685,0:00:55
Kab. Sumbawa,kab._sumbawa,2009,0.7018631283478323,87.16204576661922,22.5,0.10844364015947193,True,C:\Users\ASUS\skripsi_carin\models\kab._sumbawa_gbm_delta.pack.joblib,"{""learning_rate"": 0.01, ""loss"": ""huber"", ""max_depth"": 1, ""min_samples_leaf"": 1, ""n_estimators"": 400, ""random_state"": 42, ""subsample"": 1.0}",70.47139880000032,0:01:10
Kab. Sumenep,kab._sumenep,2009,0.4432012330365479,135.5791501676838,83.36749246215848,0.4223203636334124,False,,"{""learning_rate"": 0.01, ""loss"": ""huber"", ""max_depth"": 3, ""min_samples_leaf"": 3, ""n_estimators"": 400, ""random_state"": 42, ""subsample"": 1.0}",77.34523960000024,0:01:17
Kota Surabaya,kota_surabaya,2009,0.9147525793060335,59.924472071133756,19.793150120122704,0.09670429594799358,True,C:\Users\ASUS\skripsi_carin\models\kota_surabaya_gbm_delta.pack.joblib,"{""learning_rate"": 0.01, ""loss"": ""huber"", ""max_depth"": 1, ""min_samples_leaf"": 1, ""n_estimators"": 400, ""random_state"": 42, ""subsample"": 1.0}",74.76075270000001,0:01:15
Kota Surakarta (Solo),kota_surakarta_(solo),2009,0.984791221677986,53.08450648150851,34.71915578235425,0.17053195897860515,True,C:\Users\ASUS\skripsi_carin\models\kota_surakarta_(solo)_gbm_delta.pack.joblib,"{""learning_rate"": 0.01, ""loss"": ""huber"", ""max_depth"": 1, ""min_samples_leaf"": 3, ""n_estimators"": 400, ""random_state"": 42, ""subsample"": 1.0}",75.17220779999934,0:01:15
Kota Tanggerang,kota_tanggerang,2009,0.9791562238218017,39.43320769624074,13.02536793561764,0.06991199261098144,True,C:\Users\ASUS\skripsi_carin\models\kota_tanggerang_gbm_delta.pack.joblib,"{""learning_rate"": 0.01, ""loss"": ""huber"", ""max_depth"": 1, ""min_samples_leaf"": 1, ""n_estimators"": 400, ""random_state"": 42, ""subsample"": 1.0}",79.75658629999998,0:01:20
Kota Tanjung,kota_tanjung,2009,0.9763655462184874,63.35525936249404,4.722222222222222,0.02361111111111111,True,C:\Users\ASUS\skripsi_carin\models\kota_tanjung_gbm_delta.pack.joblib,"{""learning_rate"": 0.03, ""loss"": ""huber"", ""max_depth"": 1, ""min_samples_leaf"": 1, ""n_estimators"": 400, ""random_state"": 42, ""subsample"": 1.0}",35.23162830000001,0:00:35
Kota Tanjung Pandan,kota_tanjung_pandan,2009,0.9423515417136799,74.77719648782616,18.421430035051404,0.10079371433684213,True,C:\Users\ASUS\skripsi_carin\models\kota_tanjung_pandan_gbm_delta.pack.joblib,"{""learning_rate"": 0.01, ""loss"": ""huber"", ""max_depth"": 1, ""min_samples_leaf"": 1, ""n_estimators"": 400, ""random_state"": 42, ""subsample"": 1.0}",62.22705320000023,0:01:02
Kota Tanjung Pinang,kota_tanjung_pinang,2009,0.9423515417136799,74.77719648782616,18.421430035051404,0.10079371433684213,True,C:\Users\ASUS\skripsi_carin\models\kota_tanjung_pinang_gbm_delta.pack.joblib,"{""learning_rate"": 0.01, ""loss"": ""huber"", ""max_depth"": 1, ""min_samples_leaf"": 1, ""n_estimators"": 400, ""random_state"": 42, ""subsample"": 1.0}",63.18254640000032,0:01:03
Kota Tarakan,kota_tarakan,2009,0.958691757599088,29.34469476943168,6.666666666666667,0.031193331508557798,True,C:\Users\ASUS\skripsi_carin\models\kota_tarakan_gbm_delta.pack.joblib,"{""learning_rate"": 0.01, ""loss"": ""huber"", ""max_depth"": 1, ""min_samples_leaf"": 3, ""n_estimators"": 400, ""random_state"": 42, ""subsample"": 1.0}",71.95417780000025,0:01:12
Kota Tasikmalaya,kota_tasikmalaya,2009,0.8746989423609679,88.47155897151401,39.68037794299126,0.19028587706580424,True,C:\Users\ASUS\skripsi_carin\models\kota_tasikmalaya_gbm_delta.pack.joblib,"{""learning_rate"": 0.01, ""loss"": ""huber"", ""max_depth"": 1, ""min_samples_leaf"": 1, ""n_estimators"": 400, ""random_state"": 42, ""subsample"": 1.0}",78.51122850000047,0:01:19
Kota Sumenep,kota_sumenep,2009,0.8490973546398233,55.444304097034575,37.02953208665363,0.18258737590287621,True,C:\Users\ASUS\skripsi_carin\models\kota_sumenep_gbm_delta.pack.joblib,"{""learning_rate"": 0.01, ""loss"": ""huber"", ""max_depth"": 2, ""min_samples_leaf"": 1, ""n_estimators"": 400, ""random_state"": 42, ""subsample"": 1.0}",80.2541699000003,0:01:20
Kota Tembilahan,kota_tembilahan,2009,0.9860003198969189,66.03556761403847,11.524695655270403,0.06007964703250285,True,C:\Users\ASUS\skripsi_carin\models\kota_tembilahan_gbm_delta.pack.joblib,"{""learning_rate"": 0.01, ""loss"": ""huber"", ""max_depth"": 1, ""min_samples_leaf"": 1, ""n_estimators"": 400, ""random_state"": 42, ""subsample"": 1.0}",59.57670860000053,0:01:00
Kota Ternate,kota_ternate,2009,0.9336475614255022,7.533108143347089,2.5450261226754165,0.011653272280559792,True,C:\Users\ASUS\skripsi_carin\models\kota_ternate_gbm_delta.pack.joblib,"{""learning_rate"": 0.01, ""loss"": ""huber"", ""max_depth"": 1, ""min_samples_leaf"": 1, ""n_estimators"": 400, ""random_state"": 42, ""subsample"": 1.0}",60.53849040000023,0:01:01
Kota Tual,kota_tual,2009,0.9818689379949788,80.62422420798659,16.790903695993258,0.070849737674829,True,C:\Users\ASUS\skripsi_carin\models\kota_tual_gbm_delta.pack.joblib,"{""learning_rate"": 0.01, ""loss"": ""huber"", ""max_depth"": 1, ""min_samples_leaf"": 1, ""n_estimators"": 400, ""random_state"": 42, ""subsample"": 1.0}",63.637788,0:01:04
Kota Watampone,kota_watampone,2009,0.9583344265291021,28.424667056747364,9.057693643625276,0.04808935371491324,True,C:\Users\ASUS\skripsi_carin\models\kota_watampone_gbm_delta.pack.joblib,"{""learning_rate"": 0.01, ""loss"": ""huber"", ""max_depth"": 1, ""min_samples_leaf"": 1, ""n_estimators"": 400, ""random_state"": 42, ""subsample"": 1.0}",64.20665590000044,0:01:04
Kab. Wonogiri,kab._wonogiri,2009,0.9735616369980294,98.33715690144649,29.233768855994075,0.14953694895038885,True,C:\Users\ASUS\skripsi_carin\models\kab._wonogiri_gbm_delta.pack.joblib,"{""learning_rate"": 0.01, ""loss"": ""huber"", ""max_depth"": 1, ""min_samples_leaf"": 1, ""n_estimators"": 400, ""random_state"": 42, ""subsample"": 1.0}",75.81526960000065,0:01:16
Kota Yogyakarta,kota_yogyakarta,2009,0.899736798871324,39.03716286438375,16.48451419924675,0.08413889026662948,True,C:\Users\ASUS\skripsi_carin\models\kota_yogyakarta_gbm_delta.pack.joblib,"{""learning_rate"": 0.01, ""loss"": ""huber"", ""max_depth"": 1, ""min_samples_leaf"": 1, ""n_estimators"": 400, ""random_state"": 42, ""subsample"": 1.0}",61.943355899999915,0:01:02
